id,prioridad,resultado,tarea,responsable,estado,fecha_objetivo,criterio_cierre
G01,P0,Sitio confiable,Diagnosticar y resolver Worker 1102,Codex,en_observacion_produccion,2026-09-18,Sin 1102 en rutas críticas y recursos medidos en despliegue real
G02,P0,Sitio confiable,Separar y validar actualización del catálogo,Codex,en_observacion_produccion,2026-10-03,Siete ciclos diarios útiles medidos; frescura por tienda y muestra fija; revisar meta de 95 por ciento en 24 horas
G03,P1,Tráfico hacia tiendas,Configurar y verificar pageviews GA4,Codex,completado_produccion,2026-09-21,GA4 recibió 178 page_view y 512 eventos en el primer periodo verificado; clics salientes y generate_lead continúan en G07
G04,P1,Piloto comercial,Definir y probar canal de contacto,Jonathan,pendiente,2026-09-18,Consulta de prueba recibida y CTA público operativo
G05,P1,Sitio confiable,Separar ofertas disponibles de agotadas,Codex,en_validacion_local,2026-09-25,Conteos y agregado coherentes con stock y prueba de regresión
G06,P1,Sitio confiable,Reducir costo de sitemap con snapshot y paginación,Codex,en_validacion_produccion,2026-09-25,Sitemap correcto y paginado; falta confirmar lecturas posteriores y conservación ante fallo transitorio
G07,P0,Tráfico hacia tiendas,Instrumentar clic externo CTA de asesoría y embudo completo,Codex,en_implementacion,2026-10-05,"Producción emite presupuesto CTA lead_intent y salida con dimensiones; registro GA4 del piloto Eneba comprobado 02/10; falta recepción real de eventos nuevos y una intención real, control 05/10"
G08,P2,Sitio confiable,Actualizar E2E desalineados y controles móviles,Codex,en_validacion_local,2026-09-25,Los cinco fallos están explicados y sus flujos pasan
G09,P2,Sitio confiable,Revisar dependencias y persistencia de telemetría,Codex,pendiente,2026-09-25,Exposición evaluada y actualización validada con OpenNext
G10,P2,Tráfico hacia tiendas,Mejorar CPU GPU y guía de dos millones,Codex,pendiente,2026-10-09,Tres páginas verificadas y experimento GSC de 28 días definido
G11,P2,Tráfico hacia tiendas,Corregir estado visible y eventos de filtros,Codex,en_validacion_local,2026-10-09,Transiciones categoría consulta y filtros representan estado actual
G12,P2,Piloto comercial,Preparar media kit y página para anunciantes,Codex,en_validacion_local,2026-10-09,Oferta de 30 días con métricas reales y límites explícitos
G13,P2,Piloto comercial,Investigar diez prospectos y aprobar cinco contactos,Jonathan,pendiente,2026-10-09,Negocios calificados y destinatarios aprobados antes de enviar
G14,P2,Piloto comercial,Ejecutar piloto de 30 días,Jonathan,pendiente,2026-11-08,Reporte medido y decisión documentada de continuidad
G15,P3,Futuro servicio PCs,Definir zona y validar demanda de armado reparación,Jonathan,pendiente,2026-12-10,Consultas locales y hasta tres trabajos pagados comprobados
G16,P2,Seguimiento,Completar matriz de todos los scrapers y permisos efectivos,Codex,en_progreso,2026-10-09,"Cobertura por tienda y roles con evidencia sin secretos; corte 02/10: 36 fuentes mapeadas y 9/11 APIs Woo legibles, faltan permisos efectivos y salud de todas las fuentes"
G17,P1,Tráfico hacia tiendas,Auditar enlaces internos legacy y cobertura de resultados enriquecidos,Codex,pendiente,2026-10-09,Destinos canónicos revisados y oportunidades de Product y Merchant schema clasificadas sin inventar reseñas políticas ni audiencia
G18,P1,Monetización AdSense,Comprobar cuenta AdSense y país de pagos,Jonathan + Codex,en_revision,2026-10-01,Cuenta y dominio observados; residencia y titular confirmados sin datos sensibles en repo
G19,P1,Monetización AdSense,Auditar contenido original y derechos de uso,Codex,en_revision,2026-10-02,Muestra editorial y plantillas evaluadas con fuentes y rutas elegibles de anuncios
G20,P1,Monetización AdSense,Mejorar tres contenidos originales prioritarios,Jonathan + Codex,en_revision,2026-10-07,Tres piezas con autoría real revisión humana fuentes y límites; meta interna no requisito de Google
G21,P1,Monetización AdSense,Actualizar privacidad contacto y consentimiento,Jonathan + Codex,en_revision,2026-10-07,Política refleja flujo real; contacto recibido y consentimiento probado según audiencia
G22,P1,Monetización AdSense,Verificar dominio AdSense y ads.txt,Codex,completado_produccion,2026-10-08,ID real; verificación y ads.txt públicos accesibles; CSP revisada sin anuncios activos
G23,P2,Monetización AdSense,Preparar espacios de anuncios y validar experiencia,Codex,en_revision,2026-10-09,Bloque real y maqueta local desactivada en producción; tres rutas exactas; faltan CMP cargador y experiencia del proveedor
G24,P2,Monetización AdSense,Completar revisión final y solicitar AdSense,Jonathan + Codex,pendiente,2026-10-12,G18 a G23 verificadas; confiabilidad resuelta; fecha y estado real de solicitud registrados
G25,P2,Monetización AdSense,Medir piloto publicitario tras aprobación,Jonathan + Codex,pendiente,2026-11-09,Sitio apto en Google; 14 y 28 días completos de ingresos uso y consultas observados
G26,P2,Monetización AdSense,Decidir continuidad de anuncios y monetización,Jonathan + Codex,pendiente,2026-11-12,Decisión con ingresos y embudo reales; si muestra insuficiente reprogramar sin declarar éxito
G27,P2,Monetización medida,Piloto Eneba PC AR con dos juegos y atribución verificada,Jonathan + Codex,en_observacion,2026-10-30,"Cuenta y runtime comprobados 02/10; medir continuidad automática, recepción GA4, usuarios/clics y ventas/comisiones reales. Revisión semanal 05/10 y decisión 28 días, sin ampliar por falta de datos."
