fecha,grupo,url,estado,administradores_contactados,permiso,publicacion,evidencia
2026-09-27,"Compra y Venta de ""Hardware PC Gamer"" Argentina",https://www.facebook.com/groups/HardwareBuenosAires/,permiso_solicitado,C01,pendiente,,Solicitud enviada y confirmada; no implica autorización
2026-09-27,PC Gamers Argentina [OFICIAL],https://www.facebook.com/groups/1482312995375273/,publicado_previo,,no aplica,,Post 4520421824897693 ya publicado; evitar duplicado
2026-09-27,HD Tecnologia - Hardware & Gaming Argentina,https://www.facebook.com/groups/hdtecnologia/,permiso_solicitado,C02,pendiente,,Solicitud enviada y confirmada; no implica autorización
2026-09-27,Compra Venta Berazategui Computacion,https://www.facebook.com/groups/berazategui.computacion/,administrador_no_verificado,,no verificado,,Información y Personas no muestran un administrador identificable; no se escribió a miembros al azar
2026-09-27,Compra venta hardware de PC,https://www.facebook.com/groups/299115016928393/,permiso_solicitado,C03,pendiente,,Solicitud enviada y confirmada; no implica autorización
2026-09-27,Consultas de Hardware PC Gamer Argentina,https://www.facebook.com/groups/ClasificadorPcRosario/,permiso_solicitado,C01,pendiente,,Solicitud enviada y confirmada; no implica autorización
2026-09-27,Compra y venta informatica y electronica,https://www.facebook.com/groups/850784475310986/,permiso_solicitado,C04,pendiente,,Solicitud enviada y confirmada; no implica autorización
2026-09-27,Compra y Venta de Placas de Vídeo y Fuentes ARGENTINA,https://www.facebook.com/groups/1657304894510063/,permiso_solicitado,C01,pendiente,,Solicitud enviada y confirmada; no implica autorización
2026-09-27,Universe Pc & Consolas - Hardware/Juegos/Merchandising Etc,https://www.facebook.com/groups/511915938935820/,publicado_visible,,no aplica,https://www.facebook.com/groups/511915938935820/posts/28284388767928497,Publicación propia visible en feed y abierta desde su fecha; enlace UTM universe_pc.
2026-09-27,Compra y Venta Hardware | Gamers de Argentina,https://www.facebook.com/groups/gamersarcompraventa/,permiso_solicitado,C05,pendiente,,Solicitud enviada y confirmada; no implica autorización
2026-09-27,PC Gaming & Hardware Argentina [NO VENTAS],https://www.facebook.com/groups/gamers.pcgh.arg/,permiso_solicitado,C06,pendiente,,Solicitud enviada y confirmada; no implica autorización
2026-09-27,Venta y compra de Hardware Argentina Oficial Gaming,https://www.facebook.com/groups/2858876320891151/,grupo_en_pausa,,no verificado,,Facebook indica pausa desde 18/05/2026; lista completa muestra cuatro moderadores y ningún administrador visible
2026-09-27,Gamers Argentina®,https://www.facebook.com/groups/gamers.ar/,permiso_solicitado,C06,pendiente,,Solicitud enviada y confirmada; no implica autorización
2026-09-27,"Compra y Venta de Hard, Nuevo y Usado",https://www.facebook.com/groups/NegociosHard/,permiso_solicitado,C07,pendiente,,Solicitud enviada y confirmada; no implica autorización
2026-09-27,VENTA DE HARDWARE Y DEMAS...,https://www.facebook.com/groups/merx1/,permiso_solicitado,C01,pendiente,,Solicitud enviada y confirmada; no implica autorización
2026-09-27,Compra Y Venta de Hardware Argentina,https://www.facebook.com/groups/402235643307452/,permiso_solicitado,C08,pendiente,,Solicitud enviada y confirmada; no implica autorización
2026-09-27,Maximus - Gaming [OFICIAL],https://www.facebook.com/groups/MaximusGaming/,permiso_solicitado,C09,pendiente,,Solicitud enviada y confirmada; no implica autorización
2026-09-27,Compra y venta de hardware Buenos Aires,https://www.facebook.com/groups/793819350993523/,permiso_solicitado,C10,pendiente,,Solicitud enviada y confirmada; no implica autorización
2026-09-27,"Compra y Venta de ""Hardware"" Oficial",https://www.facebook.com/groups/351557669043083/,permiso_solicitado,C11,pendiente,,Solicitud enviada y confirmada; no implica autorización
2026-09-27,Compra y Venta de Hardware Argentina,https://www.facebook.com/groups/497063703716857/,permiso_solicitado,C01,pendiente,,Solicitud enviada y confirmada; no implica autorización
2026-09-27,Compra venta de Hardware PC - La Plata y zona Sur,https://www.facebook.com/groups/706734792710596/,permiso_solicitado,C12,pendiente,,Solicitud enviada y confirmada; no implica autorización
2026-09-27,Comunidad Gamer Argentina PC Y PS5,https://www.facebook.com/groups/compraventadecelularesytecnologia/,publicado_visible,,no aplica,https://www.facebook.com/groups/compraventadecelularesytecnologia/posts/28519846870959408/,Post propio visible; UTM comunidad_gamer
