store_id,plataforma,host,url_base,api_publica_o_endpoint_del_adaptador,estado_api,fecha_api_utc,id_publicacion,precio_del_flujo_prioritario,limite_verificacion
37bytes,tiendanube,37bytes.com.ar,https://www.37bytes.com.ar,API no verificada; adaptador HTML,Sólo código; salud de API no verificada,No verificado,ID del adaptador/publicación; URL validada en su host,visible-detail,Comprobar variante y stock por oferta; API legible no acredita comparabilidad
acuarioinsumos,woocommerce,acuarioinsumos.com.ar,https://www.acuarioinsumos.com.ar,https://www.acuarioinsumos.com.ar/wp-json/wc/store/v1/products,public-api-readable,2026-10-02T14:29:30.200Z,ID numérico de API/HTML principal + SKU de tienda,visible-detail,Comprobar variante y stock por oferta; API legible no acredita comparabilidad
armytech,prestashop,armytech.com.ar,https://www.armytech.com.ar,API no verificada; adaptador HTML,Sólo código; salud de API no verificada,No verificado,ID del adaptador/publicación; URL validada en su host,visible-detail,Comprobar variante y stock por oferta; API legible no acredita comparabilidad
beings,woocommerce,beings.com.ar,https://beings.com.ar,https://beings.com.ar/wp-json/wc/store/v1/products,public-api-readable,2026-10-02T14:29:31.306Z,ID numérico de API/HTML principal + SKU de tienda,visible-detail,Comprobar variante y stock por oferta; API legible no acredita comparabilidad
clickgaming,qloud,clickgaming.com.ar,https://clickgaming.com.ar,API no verificada; adaptador HTML,Sólo código; salud de API no verificada,No verificado,ID del adaptador/publicación; URL validada en su host,visible-detail,Comprobar variante y stock por oferta; API legible no acredita comparabilidad
gamerspoint,woocommerce,gamerspoint.com.ar,https://www.gamerspoint.com.ar,https://www.gamerspoint.com.ar/wp-json/wc/store/v1/products,not-verified,2026-10-02T14:29:35.311Z,ID numérico de API/HTML principal + SKU de tienda,visible-detail,Comprobar variante y stock por oferta; API legible no acredita comparabilidad
hypergaming,qloud,hypergaming.com.ar,https://hypergaming.com.ar,API no verificada; adaptador HTML,Sólo código; salud de API no verificada,No verificado,ID del adaptador/publicación; URL validada en su host,visible-detail,Comprobar variante y stock por oferta; API legible no acredita comparabilidad
hftecnologia,foxtienda,hftecnologia.com.ar,https://hftecnologia.com.ar,API no verificada; adaptador HTML,Sólo código; salud de API no verificada,No verificado,ID del adaptador/publicación; URL validada en su host,visible-detail,Comprobar variante y stock por oferta; API legible no acredita comparabilidad
integradosargentinos,tiendanube,integradosargentinos.com,https://integradosargentinos.com,API no verificada; adaptador HTML,Sólo código; salud de API no verificada,No verificado,ID del adaptador/publicación; URL validada en su host,visible-detail,Comprobar variante y stock por oferta; API legible no acredita comparabilidad
liontech,woocommerce,liontech.com.ar,https://liontech.com.ar,https://liontech.com.ar/wp-json/wc/store/v1/products,public-api-readable,2026-10-02T14:29:37.526Z,ID numérico de API/HTML principal + SKU de tienda,visible-detail,Comprobar variante y stock por oferta; API legible no acredita comparabilidad
megasoft,qloud,megasoftargentina.com.ar,https://megasoftargentina.com.ar,API no verificada; adaptador HTML,Sólo código; salud de API no verificada,No verificado,ID del adaptador/publicación; URL validada en su host,visible-detail,Comprobar variante y stock por oferta; API legible no acredita comparabilidad
mexx,directo,mexx.com.ar,https://www.mexx.com.ar,API no verificada; adaptador HTML,Sólo código; salud de API no verificada,No verificado,ID del adaptador/publicación; URL validada en su host,visible-detail,Comprobar variante y stock por oferta; API legible no acredita comparabilidad
noxie,qloud,noxiestore.com,https://noxiestore.com,API no verificada; adaptador HTML,Sólo código; salud de API no verificada,No verificado,ID del adaptador/publicación; URL validada en su host,visible-detail,Comprobar variante y stock por oferta; API legible no acredita comparabilidad
portaltech,directo,portalstore.com.ar,https://portalstore.com.ar,API no verificada; adaptador HTML,Sólo código; salud de API no verificada,No verificado,ID del adaptador/publicación; URL validada en su host,visible-detail,Comprobar variante y stock por oferta; API legible no acredita comparabilidad
venex,directo,venex.com.ar,https://www.venex.com.ar,API no verificada; adaptador HTML,Sólo código; salud de API no verificada,No verificado,ID del adaptador/publicación; URL validada en su host,visible-detail,Comprobar variante y stock por oferta; API legible no acredita comparabilidad
fullh4rd,directo,fullh4rd.com.ar,https://www.fullh4rd.com.ar,API no verificada; adaptador HTML,Sólo código; salud de API no verificada,No verificado,ID del adaptador/publicación; URL validada en su host,visible-detail,Comprobar variante y stock por oferta; API legible no acredita comparabilidad
compragamer,directo,compragamer.com,https://www.compragamer.com,https://static.compragamer.com/productos,Sólo código; salud de API no verificada,No verificado,ID del adaptador/publicación; URL validada en su host,shared-verified,Comprobar variante y stock por oferta; API legible no acredita comparabilidad
maximus,directo,maximus.com.ar,https://www.maximus.com.ar,POST https://www.maximus.com.ar/wfmWebSite2.aspx/wsNRW_Script,Sólo código; salud de API no verificada,No verificado,ID del adaptador/publicación; URL validada en su host,visible-detail,Comprobar variante y stock por oferta; API legible no acredita comparabilidad
gamingcity,directo,gamingcity.com.ar,https://www.gamingcity.com.ar,API no verificada; adaptador HTML,Sólo código; salud de API no verificada,No verificado,ID del adaptador/publicación; URL validada en su host,visible-detail,Comprobar variante y stock por oferta; API legible no acredita comparabilidad
gezatek,directo,gezatek.com.ar,https://www.gezatek.com.ar,API no verificada; adaptador HTML,Sólo código; salud de API no verificada,No verificado,ID del adaptador/publicación; URL validada en su host,visible-detail,Comprobar variante y stock por oferta; API legible no acredita comparabilidad
compugarden,directo,compugarden.com.ar,https://www.compugarden.com.ar,API no verificada; adaptador HTML,Sólo código; salud de API no verificada,No verificado,ID del adaptador/publicación; URL validada en su host,visible-detail,Comprobar variante y stock por oferta; API legible no acredita comparabilidad
logg,directo,logg.com.ar,https://logg.com.ar,API no verificada; adaptador HTML,Sólo código; salud de API no verificada,No verificado,ID del adaptador/publicación; URL validada en su host,visible-detail,Comprobar variante y stock por oferta; API legible no acredita comparabilidad
katech,woocommerce,katech.com.ar,https://katech.com.ar,https://katech.com.ar/wp-json/wc/store/v1/products,public-api-readable,2026-10-02T14:29:38.256Z,ID numérico de API/HTML principal + SKU de tienda,visible-detail,Comprobar variante y stock por oferta; API legible no acredita comparabilidad
dinobyte,woocommerce,dinobyte.ar,https://dinobyte.ar,https://dinobyte.ar/wp-json/wc/store/v1/products,public-api-readable,2026-10-02T14:29:39.165Z,ID numérico de API/HTML principal + SKU de tienda,shared-verified,Comprobar variante y stock por oferta; API legible no acredita comparabilidad
maxtecno,woocommerce,maxtecno.com.ar,https://maxtecno.com.ar,https://maxtecno.com.ar/wp-json/wc/store/v1/products,public-api-readable,2026-10-02T14:29:39.971Z,ID numérico de API/HTML principal + SKU de tienda,shared-verified,Comprobar variante y stock por oferta; API legible no acredita comparabilidad
rockethard,qloud,rockethard.com.ar,https://rockethard.com.ar,API no verificada; adaptador HTML,Sólo código; salud de API no verificada,No verificado,ID del adaptador/publicación; URL validada en su host,visible-detail,Comprobar variante y stock por oferta; API legible no acredita comparabilidad
scphardstore,woocommerce,scphardstore.com,https://www.scphardstore.com,https://www.scphardstore.com/wp-json/wc/store/v1/products,public-api-readable,2026-10-02T14:29:41.172Z,ID numérico de API/HTML principal + SKU de tienda,visible-detail,Comprobar variante y stock por oferta; API legible no acredita comparabilidad
shopgamer,tiendanube,shopgamer.com.ar,https://www.shopgamer.com.ar,API no verificada; adaptador HTML,Sólo código; salud de API no verificada,No verificado,ID del adaptador/publicación; URL validada en su host,visible-detail,Comprobar variante y stock por oferta; API legible no acredita comparabilidad
slotone,tiendanube,slot-one.com.ar,https://www.slot-one.com.ar,API no verificada; adaptador HTML,Sólo código; salud de API no verificada,No verificado,ID del adaptador/publicación; URL validada en su host,visible-detail,Comprobar variante y stock por oferta; API legible no acredita comparabilidad
spacevideojuegos,foxtienda,spacegamer.com.ar,https://spacegamer.com.ar,API no verificada; adaptador HTML,Sólo código; salud de API no verificada,No verificado,ID del adaptador/publicación; URL validada en su host,visible-detail,Comprobar variante y stock por oferta; API legible no acredita comparabilidad
thegamershop,woocommerce,thegamershop.com.ar,https://thegamershop.com.ar,https://thegamershop.com.ar/wp-json/wc/store/v1/products,public-api-readable,2026-10-02T14:29:42.292Z,ID numérico de API/HTML principal + SKU de tienda,visible-detail,Comprobar variante y stock por oferta; API legible no acredita comparabilidad
hardcore,woocommerce,hardcorecomputacion.com.ar,https://hardcorecomputacion.com.ar,https://hardcorecomputacion.com.ar/wp-json/wc/store/v1/products,not-verified,2026-10-02T14:29:42.428Z,ID numérico de API/HTML principal + SKU de tienda,visible-detail,Comprobar variante y stock por oferta; API legible no acredita comparabilidad
goldentechstore,woocommerce,goldentechstore.com.ar,https://goldentechstore.com.ar,https://goldentechstore.com.ar/wp-json/wc/store/v1/products,public-api-readable,2026-10-02T14:29:43.093Z,ID numérico de API/HTML principal + SKU de tienda,shared-verified,Comprobar variante y stock por oferta; API legible no acredita comparabilidad
vertexretail,tiendanube,vrx.com.ar,https://vrx.com.ar,API no verificada; adaptador HTML,Sólo código; salud de API no verificada,No verificado,ID del adaptador/publicación; URL validada en su host,visible-detail,Comprobar variante y stock por oferta; API legible no acredita comparabilidad
wiztech,directo,wiztech.com.ar,https://wiztech.com.ar,https://wiztech.com.ar/backend/Controller/ProductosController.php?action=getProductos,Sólo código; salud de API no verificada,No verificado,ID del adaptador/publicación; URL validada en su host,visible-detail,Comprobar variante y stock por oferta; API legible no acredita comparabilidad
xtpc,directo,xt-pc.com.ar,https://www.xt-pc.com.ar,API no verificada; adaptador HTML,Sólo código; salud de API no verificada,No verificado,ID del adaptador/publicación; URL validada en su host,visible-detail,Comprobar variante y stock por oferta; API legible no acredita comparabilidad
