id,prioridad,estado,unidad,responsable_propuesto,accion,evidencia,criterio_de_aceptacion,dependencias
M01,P0,Implementado; integrado en base,1,Coordinador,Reconciliar función de claim y migraciones mediante nueva versión,Función real selecciona cuatro fuentes; archivo aplicado local selecciona tres | Corte implementación 02/10: Forward aplicada y 4 fuentes verificadas; hosts reconciliados; FUENTES-E-IDENTIDAD-2026-10-02.md,Reconstrucción y función real equivalentes; grants verificados; ejecución normal contrastada,—
M02,P0,Integrado; muestra pública verificada,1,Coordinador,Unificar precio elegible en resumen SQL filtros ranking UI y SEO,"789 resúmenes inferiores al mínimo elegible actual; reproductor stock unknown | Corte implementación 02/10: 1171 unitarias/43 navegador/SQL y plan local 35k; backfill online antes de activación; FUENTES-E-IDENTIDAD-2026-10-02.md | Corte final 02/10: 55.395 agregados inicializados; alternativa actual, centavos y filtros 4/4 APIs comprobados; SEO restante en M10; FUENTES-E-IDENTIDAD-EVIDENCIA-2026-10-02.json",Paridad TS/SQL/API/UI con vencimiento temporal y alternativa válida,M01
M03,P0,Implementado; runtime de muestra verificado,1,Coordinador,Separar asociación corroborada y revisión semántica; invalidar evidencia incompatible,"Reproductor acepta review RTX5060 ante nueva evidencia Ti16GB | Corte implementación 02/10: Prueba de atributos exactos + fuente/URL/SKU; invalidación TS/SQL probada; FUENTES-E-IDENTIDAD-2026-10-02.md | Corte final 02/10: Cambio de evidencia y variantes CPU SQL/TS; ficha OEM/outlet conserva URL, título y evento propios en producción; FUENTES-E-IDENTIDAD-EVIDENCIA-2026-10-02.json",Cambio material no hereda aceptación; precio solo no invalida identidad,M01
M04,P0,Pendiente de corroboración,2,Coordinador,Corroborar siete fichas pendientes y comprobar continuidad G02,Corte priority 2/9 fichas aceptadas; seis días útiles | Corte implementación 02/10: Cuatro candidatas RAM observadas; no importadas ni equivalencia confirmada; muestra fija intacta; FUENTES-E-IDENTIDAD-2026-10-02.md,Muestra fija conservada; ofertas recientes con identidad corroborada; criterios explícitos,M02+M03
M05,P1,Piloto implementado,2,Coordinador,Medir fases y reservar tiempo por fuente; evaluar cooldown compartido,Seis deadlines; fase compartida 1200/1471 intentos en último lote | Corte implementación 02/10: Reserva temporal y métricas por fase/HTTP; próximo runner normal pendiente; FUENTES-E-IDENTIDAD-2026-10-02.md,Costo por observación y comparable medido; fuentes pendientes reciben tiempo efectivo,M01
M06,P1,Piloto implementado,2,Coordinador,Instrumentar caché Jev y comparar reglas frente a reglas+Jev en piloto etiquetado,"Dictamen sustituido; hash incorpora SKU que el contexto no envía | Corte implementación 02/10: Jev sólo ambigüedades; contrato v3; caché/reuso/abstenciones medidos en pruebas, sin A/B real; FUENTES-E-IDENTIDAD-2026-10-02.md",Falsas asociaciones abstenciones cobertura latencia llamadas y costo contrastados,M03
M07,P1,Verificado local y público; recepción pendiente,3,Coordinador,Completar search por navegación y controlar view_item por interacción,Home y entrada directa no preparan ref; reload puede repetir vista | Corte implementación 02/10: Búsqueda directa/consentimiento/error; view_item una vez por navegación: pruebas aprobadas; FUENTES-E-IDENTIDAD-2026-10-02.md | Corte final 02/10: Navegación y consentimiento escritorio/móvil; dataLayer no demuestra recepción de los eventos nuevos en GA4; FUENTES-E-IDENTIDAD-EVIDENCIA-2026-10-02.json,Pruebas dataLayer home landing URL reload y consentimiento sin duplicados artificiales,—
M08,P1,Instrumentado y probado; recepción pendiente,3,Coordinador,Atribuir salidas de comparativas y separar intención de consulta recibida,Enlaces server sin trackStoreClick; mailto usa generate_lead | Corte implementación 02/10: Comparativas tienda/CTA/superficie; contact_intent separado; recepción real sigue pendiente; FUENTES-E-IDENTIDAD-2026-10-02.md | Corte final 02/10: Atribución y contact_intent probados; salidas de ficha verificadas en navegador; recepción GA4/consultas reales pendiente; FUENTES-E-IDENTIDAD-EVIDENCIA-2026-10-02.json,Todas las superficies tienen tienda producto CTA; recepción se mide con evidencia aparte,M07
M09,P1,Parcial; extracción desde 12/10,3,Automatización con revisión,Añadir manifiesto de extracción e importación GA4 autorizada desde 12/10,Tabla de interés vacía antes del lanzamiento; agregados por ficha excluyen guías | Corte implementación 02/10: IDs validados antes de escritura única confirmada; no se importaron datos prematuros; FUENTES-E-IDENTIDAD-2026-10-02.md,03-09/10 completo sin muestreo; IDs validados; importación confirmada; sin ceros inventados,M07+M08
M10,P1,Parcial; portada corregida,3,Coordinador,Alinear portada cachés y datos estructurados con oferta y ventana por superficie,Portada usa updatedAt de producto; cachés separadas; elegibilidad divergente | Corte implementación 02/10: Fecha de oferta comparable en destacados/bajadas; caducidad al leer caché; SEO/invalidation restantes pendientes; FUENTES-E-IDENTIDAD-2026-10-02.md,Caducidad e invalidación sin escritura refrescan selección; referencias históricas separadas,M02+M03
M11,P2,Propuesta; medir planes reales,4,Coordinador,Optimizar índices RLS y viajes a DB con planes reales,Advisor: duplicado1 initplan11 FKs3 unused8 | Corte implementación 02/10: Plan local global 132ms y filtro tienda 3004ms; no cambios de índices/RLS por advisor; FUENTES-E-IDENTIDAD-2026-10-02.md,EXPLAIN y carga justificados; aislamiento leases idempotencia rollback y costo verificados,M01+M05
M12,P1,Integrado en main; runtime de muestra verificado,Transversal,Coordinador,Integrar por unidades y conservar cambios pendientes,Principal b1c6a4f y worktree a2e2a88 difieren | Corte implementación 02/10: Unidades revisables en worktree; preservado principal b1c6a4f con cambios ajenos; FUENTES-E-IDENTIDAD-2026-10-02.md | Corte final 02/10: main 5f230b0; siete migraciones; CI 37038077196 y Workers aprobados; 11/11 rutas y dos pantallas; cambios ajenos preservados; FUENTES-E-IDENTIDAD-EVIDENCIA-2026-10-02.json,Diff revisado por unidad; pruebas proporcionales; runtime posterior al despliegue autorizado,—
